,pred_list,merged_terms,count
0,"3,12,16,16,2,8,16,16,1,4,9,16,0,0,0,0,0,0,0,0,3,12,16,16,2,8,16,16,1,4,9,16,0,0,0,0,0,0,0,0,3,12,16,16,2,8,16,16,1,4,9,16,0,0,0,0,0,0,0,0,3,12,16,16,2,8,16,16,1,4,9,16,0,0,0,0,0,0,0,0,3,12,16,16,2,8,16,16,1,4,9,16,0,0,0,0,0,0,0,0","[BS,[B,mulnn,getLength],[CB,[B,mulnn,[B,[subnn,3],getDot]],getLength]]",34.0
1,"0,0,0,0,0,0,0,0,0,0,0,0,0,0,0,0,0,0,0,0,0,0,0,0,0,0,0,0,0,0,0,0,0,0,0,0,0,0,0,0,1,2,3,4,1,2,3,4,1,2,3,4,1,2,3,4,1,2,3,4,2,4,6,8,2,4,6,8,2,4,6,8,2,4,6,8,2,4,6,8,3,6,9,12,3,6,9,12,3,6,9,12,3,6,9,12,3,6,9,12","[BC,[B,mulnn,getLength],[C,[B,subnn,getStripe],1]]",779.0
2,"1,2,3,4,1,2,3,4,1,2,3,4,1,2,3,4,1,2,3,4,1,2,3,4,1,2,3,4,1,2,3,4,1,2,3,4,1,2,3,4,1,2,3,4,1,2,3,4,1,2,3,4,1,2,3,4,1,2,3,4,1,2,3,4,1,2,3,4,1,2,3,4,1,2,3,4,1,2,3,4,1,2,3,4,1,2,3,4,1,2,3,4,1,2,3,4,1,2,3,4","[KB,getLength,I]",28794.0
3,"3,3,3,3,2,2,2,2,1,1,1,1,0,0,0,0,0,0,0,0,3,3,3,3,2,2,2,2,1,1,1,1,0,0,0,0,0,0,0,0,3,3,3,3,2,2,2,2,1,1,1,1,0,0,0,0,0,0,0,0,3,3,3,3,2,2,2,2,1,1,1,1,0,0,0,0,0,0,0,0,3,3,3,3,2,2,2,2,1,1,1,1,0,0,0,0,0,0,0,0","[BK,[subnn,3],getDot]",23296.0
4,"3,3,3,3,4,4,4,4,5,5,5,5,6,6,6,6,7,7,7,7,3,3,3,3,4,4,4,4,5,5,5,5,6,6,6,6,7,7,7,7,3,3,3,3,4,4,4,4,5,5,5,5,6,6,6,6,7,7,7,7,3,3,3,3,4,4,4,4,5,5,5,5,6,6,6,6,7,7,7,7,3,3,3,3,4,4,4,4,5,5,5,5,6,6,6,6,7,7,7,7","[BK,[addnn,3],getDot]",7827.0
5,"3,3,3,3,3,3,3,3,3,3,3,3,3,3,3,3,3,3,3,3,3,3,3,3,3,3,3,3,3,3,3,3,3,3,3,3,3,3,3,3,3,3,3,3,3,3,3,3,3,3,3,3,3,3,3,3,3,3,3,3,3,3,3,3,3,3,3,3,3,3,3,3,3,3,3,3,3,3,3,3,3,3,3,3,3,3,3,3,3,3,3,3,3,3,3,3,3,3,3,3","[KK,[addnn,0],3]",62073.0
6,"4,4,4,4,3,3,3,3,2,2,2,2,1,1,1,1,0,0,0,0,4,4,4,4,3,3,3,3,2,2,2,2,1,1,1,1,0,0,0,0,4,4,4,4,3,3,3,3,2,2,2,2,1,1,1,1,0,0,0,0,4,4,4,4,3,3,3,3,2,2,2,2,1,1,1,1,0,0,0,0,4,4,4,4,3,3,3,3,2,2,2,2,1,1,1,1,0,0,0,0","[BK,[subnn,4],getDot]",688.0
7,"4,4,4,4,5,5,5,5,6,6,6,6,7,7,7,7,8,8,8,8,4,4,4,4,5,5,5,5,6,6,6,6,7,7,7,7,8,8,8,8,4,4,4,4,5,5,5,5,6,6,6,6,7,7,7,7,8,8,8,8,4,4,4,4,5,5,5,5,6,6,6,6,7,7,7,7,8,8,8,8,4,4,4,4,5,5,5,5,6,6,6,6,7,7,7,7,8,8,8,8","[BK,[addnn,4],getDot]",916.0
8,"4,4,4,4,4,4,4,4,4,4,4,4,4,4,4,4,4,4,4,4,4,4,4,4,4,4,4,4,4,4,4,4,4,4,4,4,4,4,4,4,4,4,4,4,4,4,4,4,4,4,4,4,4,4,4,4,4,4,4,4,4,4,4,4,4,4,4,4,4,4,4,4,4,4,4,4,4,4,4,4,4,4,4,4,4,4,4,4,4,4,4,4,4,4,4,4,4,4,4,4","[KK,[addnn,0],4]",13169.0
9,"3,4,5,6,3,4,5,6,3,4,5,6,3,4,5,6,3,4,5,6,3,4,5,6,3,4,5,6,3,4,5,6,3,4,5,6,3,4,5,6,3,4,5,6,3,4,5,6,3,4,5,6,3,4,5,6,3,4,5,6,3,4,5,6,3,4,5,6,3,4,5,6,3,4,5,6,3,4,5,6,3,4,5,6,3,4,5,6,3,4,5,6,3,4,5,6,3,4,5,6","[KB,[addnn,2],getLength]",11498.0
10,"2,2,2,2,2,2,2,2,2,2,2,2,2,2,2,2,2,2,2,2,3,3,3,3,3,3,3,3,3,3,3,3,3,3,3,3,3,3,3,3,4,4,4,4,4,4,4,4,4,4,4,4,4,4,4,4,4,4,4,4,5,5,5,5,5,5,5,5,5,5,5,5,5,5,5,5,5,5,5,5,6,6,6,6,6,6,6,6,6,6,6,6,6,6,6,6,6,6,6,6","[BK,[addnn,2],getStripe]",6756.0
11,"1,2,3,4,2,3,4,5,3,4,5,6,4,5,6,7,5,6,7,8,1,2,3,4,2,3,4,5,3,4,5,6,4,5,6,7,5,6,7,8,1,2,3,4,2,3,4,5,3,4,5,6,4,5,6,7,5,6,7,8,1,2,3,4,2,3,4,5,3,4,5,6,4,5,6,7,5,6,7,8,1,2,3,4,2,3,4,5,3,4,5,6,4,5,6,7,5,6,7,8","[BC,[B,addnn,getLength],getDot]",3120.0
12,"1,2,3,4,1,2,3,4,1,2,3,4,1,2,3,4,1,2,3,4,2,3,4,5,2,3,4,5,2,3,4,5,2,3,4,5,2,3,4,5,3,4,5,6,3,4,5,6,3,4,5,6,3,4,5,6,3,4,5,6,4,5,6,7,4,5,6,7,4,5,6,7,4,5,6,7,4,5,6,7,5,6,7,8,5,6,7,8,5,6,7,8,5,6,7,8,5,6,7,8","[BC,[B,addnn,getLength],getStripe]",2191.0
13,"2,4,6,8,2,4,6,8,2,4,6,8,2,4,6,8,2,4,6,8,2,4,6,8,2,4,6,8,2,4,6,8,2,4,6,8,2,4,6,8,2,4,6,8,2,4,6,8,2,4,6,8,2,4,6,8,2,4,6,8,2,4,6,8,2,4,6,8,2,4,6,8,2,4,6,8,2,4,6,8,2,4,6,8,2,4,6,8,2,4,6,8,2,4,6,8,2,4,6,8","[KB,[mulnn,2],getLength]",9609.0
14,"3,3,3,3,5,5,5,5,7,7,7,7,9,9,9,9,11,11,11,11,3,3,3,3,5,5,5,5,7,7,7,7,9,9,9,9,11,11,11,11,3,3,3,3,5,5,5,5,7,7,7,7,9,9,9,9,11,11,11,11,3,3,3,3,5,5,5,5,7,7,7,7,9,9,9,9,11,11,11,11,3,3,3,3,5,5,5,5,7,7,7,7,9,9,9,9,11,11,11,11","[SK,[B,addnn,getDot],[B,[addnn,3],getDot]]",268.0
15,"0,0,0,0,0,0,0,0,0,0,0,0,0,0,0,0,0,0,0,0,2,2,2,2,2,2,2,2,2,2,2,2,2,2,2,2,2,2,2,2,4,4,4,4,4,4,4,4,4,4,4,4,4,4,4,4,4,4,4,4,6,6,6,6,6,6,6,6,6,6,6,6,6,6,6,6,6,6,6,6,8,8,8,8,8,8,8,8,8,8,8,8,8,8,8,8,8,8,8,8","[BK,[mulnn,2],getStripe]",840.0
16,"0,0,0,0,0,0,0,0,0,0,0,0,0,0,0,0,0,0,0,0,3,3,3,3,3,3,3,3,3,3,3,3,3,3,3,3,3,3,3,3,6,6,6,6,6,6,6,6,6,6,6,6,6,6,6,6,6,6,6,6,9,9,9,9,9,9,9,9,9,9,9,9,9,9,9,9,9,9,9,9,12,12,12,12,12,12,12,12,12,12,12,12,12,12,12,12,12,12,12,12","[BK,[mulnn,3],getStripe]",2400.0
17,"0,0,0,0,0,0,0,0,0,0,0,0,0,0,0,0,0,0,0,0,1,2,3,4,1,2,3,4,1,2,3,4,1,2,3,4,1,2,3,4,2,4,6,8,2,4,6,8,2,4,6,8,2,4,6,8,2,4,6,8,3,6,9,12,3,6,9,12,3,6,9,12,3,6,9,12,3,6,9,12,4,8,12,16,4,8,12,16,4,8,12,16,4,8,12,16,4,8,12,16","[BC,[B,mulnn,getLength],getStripe]",19846.0
18,"1,4,9,16,1,4,9,16,1,4,9,16,1,4,9,16,1,4,9,16,1,4,9,16,1,4,9,16,1,4,9,16,1,4,9,16,1,4,9,16,1,4,9,16,1,4,9,16,1,4,9,16,1,4,9,16,1,4,9,16,1,4,9,16,1,4,9,16,1,4,9,16,1,4,9,16,1,4,9,16,1,4,9,16,1,4,9,16,1,4,9,16,1,4,9,16,1,4,9,16","[KS,[B,mulnn,getLength],getLength]",5989.0
19,"0,0,0,0,0,0,0,0,0,0,0,0,0,0,0,0,0,0,0,0,3,3,3,3,2,2,2,2,1,1,1,1,0,0,0,0,0,0,0,0,6,6,6,6,4,4,4,4,2,2,2,2,0,0,0,0,0,0,0,0,9,9,9,9,6,6,6,6,3,3,3,3,0,0,0,0,0,0,0,0,12,12,12,12,8,8,8,8,4,4,4,4,0,0,0,0,0,0,0,0","[SK,[B,mulnn,getStripe],[B,[subnn,3],getDot]]",2375.0
20,"0,0,0,0,0,0,0,0,0,0,0,0,0,0,0,0,0,0,0,0,3,3,3,3,4,4,4,4,5,5,5,5,6,6,6,6,7,7,7,7,6,6,6,6,8,8,8,8,10,10,10,10,12,12,12,12,14,14,14,14,9,9,9,9,12,12,12,12,15,15,15,15,16,16,16,16,16,16,16,16,12,12,12,12,16,16,16,16,16,16,16,16,16,16,16,16,16,16,16,16","[SK,[B,mulnn,getStripe],[B,[addnn,3],getDot]]",59.0
21,"0,0,0,0,0,0,0,0,0,0,0,0,0,0,0,0,0,0,0,0,1,1,1,1,1,1,1,1,1,1,1,1,1,1,1,1,1,1,1,1,4,4,4,4,4,4,4,4,4,4,4,4,4,4,4,4,4,4,4,4,9,9,9,9,9,9,9,9,9,9,9,9,9,9,9,9,9,9,9,9,16,16,16,16,16,16,16,16,16,16,16,16,16,16,16,16,16,16,16,16","[SK,[B,mulnn,getStripe],getStripe]",202.0
22,"4,4,4,4,4,4,4,4,4,4,4,4,4,4,4,4,4,4,4,4,3,3,3,3,3,3,3,3,3,3,3,3,3,3,3,3,3,3,3,3,2,2,2,2,2,2,2,2,2,2,2,2,2,2,2,2,2,2,2,2,1,1,1,1,1,1,1,1,1,1,1,1,1,1,1,1,1,1,1,1,0,0,0,0,0,0,0,0,0,0,0,0,0,0,0,0,0,0,0,0","[BK,[subnn,4],getStripe]",1649.0
23,"1,2,3,4,0,1,2,3,0,0,1,2,0,0,0,1,0,0,0,0,1,2,3,4,0,1,2,3,0,0,1,2,0,0,0,1,0,0,0,0,1,2,3,4,0,1,2,3,0,0,1,2,0,0,0,1,0,0,0,0,1,2,3,4,0,1,2,3,0,0,1,2,0,0,0,1,0,0,0,0,1,2,3,4,0,1,2,3,0,0,1,2,0,0,0,1,0,0,0,0","[BC,[B,subnn,getLength],getDot]",1881.0
24,"3,3,3,3,1,1,1,1,0,0,0,0,0,0,0,0,0,0,0,0,3,3,3,3,1,1,1,1,0,0,0,0,0,0,0,0,0,0,0,0,3,3,3,3,1,1,1,1,0,0,0,0,0,0,0,0,0,0,0,0,3,3,3,3,1,1,1,1,0,0,0,0,0,0,0,0,0,0,0,0,3,3,3,3,1,1,1,1,0,0,0,0,0,0,0,0,0,0,0,0","[SK,[B,subnn,[B,[subnn,3],getDot]],getDot]",78.0
25,"5,4,3,2,5,4,3,2,5,4,3,2,5,4,3,2,5,4,3,2,5,4,3,2,5,4,3,2,5,4,3,2,5,4,3,2,5,4,3,2,5,4,3,2,5,4,3,2,5,4,3,2,5,4,3,2,5,4,3,2,5,4,3,2,5,4,3,2,5,4,3,2,5,4,3,2,5,4,3,2,5,4,3,2,5,4,3,2,5,4,3,2,5,4,3,2,5,4,3,2","[KB,[addnn,2],[B,[subnn,4],getLength]]",92.0
26,"3,4,3,0,3,4,3,0,3,4,3,0,3,4,3,0,3,4,3,0,3,4,3,0,3,4,3,0,3,4,3,0,3,4,3,0,3,4,3,0,3,4,3,0,3,4,3,0,3,4,3,0,3,4,3,0,3,4,3,0,3,4,3,0,3,4,3,0,3,4,3,0,3,4,3,0,3,4,3,0,3,4,3,0,3,4,3,0,3,4,3,0,3,4,3,0,3,4,3,0","[KS,[B,mulnn,getLength],[B,[subnn,4],getLength]]",254.0
27,"0,0,0,0,1,1,1,1,2,2,2,2,3,3,3,3,4,4,4,4,1,2,3,4,2,3,4,5,3,4,5,6,4,5,6,7,5,6,7,8,2,4,6,8,3,5,7,9,4,6,8,10,5,7,9,11,6,8,10,12,3,6,9,12,4,7,10,13,5,8,11,14,6,9,12,15,7,10,13,16,4,8,12,16,5,9,13,16,6,10,14,16,7,11,15,16,8,12,16,16","[SB,[B,addnn,getDot],[BC,[B,mulnn,getLength],getStripe]]",1491.0
28,"3,4,5,6,4,5,6,7,5,6,7,8,6,7,8,9,7,8,9,10,3,4,5,6,4,5,6,7,5,6,7,8,6,7,8,9,7,8,9,10,3,4,5,6,4,5,6,7,5,6,7,8,6,7,8,9,7,8,9,10,3,4,5,6,4,5,6,7,5,6,7,8,6,7,8,9,7,8,9,10,3,4,5,6,4,5,6,7,5,6,7,8,6,7,8,9,7,8,9,10","[BC,[B,addnn,[B,[addnn,2],getLength]],getDot]",432.0
29,"2,2,2,2,3,3,3,3,4,4,4,4,5,5,5,5,6,6,6,6,3,3,3,3,4,4,4,4,5,5,5,5,6,6,6,6,7,7,7,7,4,4,4,4,5,5,5,5,6,6,6,6,7,7,7,7,8,8,8,8,5,5,5,5,6,6,6,6,7,7,7,7,8,8,8,8,9,9,9,9,6,6,6,6,7,7,7,7,8,8,8,8,9,9,9,9,10,10,10,10","[SK,[B,addnn,getDot],[B,[addnn,2],getStripe]]",446.0
30,"0,0,0,0,0,0,0,0,0,0,0,0,0,0,0,0,0,0,0,0,1,2,3,4,0,1,2,3,0,0,1,2,0,0,0,1,0,0,0,0,2,4,6,8,1,3,5,7,0,2,4,6,0,1,3,5,0,0,2,4,3,6,9,12,2,5,8,11,1,4,7,10,0,3,6,9,0,2,5,8,4,8,12,16,3,7,11,15,2,6,10,14,1,5,9,13,0,4,8,12","[SC,[BB,subnn,[BC,[B,mulnn,getLength],getStripe]],getDot]",497.0
31,"3,4,5,6,2,3,4,5,1,2,3,4,0,1,2,3,0,0,1,2,3,4,5,6,2,3,4,5,1,2,3,4,0,1,2,3,0,0,1,2,3,4,5,6,2,3,4,5,1,2,3,4,0,1,2,3,0,0,1,2,3,4,5,6,2,3,4,5,1,2,3,4,0,1,2,3,0,0,1,2,3,4,5,6,2,3,4,5,1,2,3,4,0,1,2,3,0,0,1,2","[BC,[B,subnn,[B,[addnn,2],getLength]],getDot]",335.0
32,"2,2,2,2,1,1,1,1,0,0,0,0,0,0,0,0,0,0,0,0,3,3,3,3,2,2,2,2,1,1,1,1,0,0,0,0,0,0,0,0,4,4,4,4,3,3,3,3,2,2,2,2,1,1,1,1,0,0,0,0,5,5,5,5,4,4,4,4,3,3,3,3,2,2,2,2,1,1,1,1,6,6,6,6,5,5,5,5,4,4,4,4,3,3,3,3,2,2,2,2","[SK,[B,subnn,[B,[addnn,2],getStripe]],getDot]",388.0
33,"3,6,9,12,2,4,6,8,1,2,3,4,0,0,0,0,0,0,0,0,3,6,9,12,2,4,6,8,1,2,3,4,0,0,0,0,0,0,0,0,3,6,9,12,2,4,6,8,1,2,3,4,0,0,0,0,0,0,0,0,3,6,9,12,2,4,6,8,1,2,3,4,0,0,0,0,0,0,0,0,3,6,9,12,2,4,6,8,1,2,3,4,0,0,0,0,0,0,0,0","[BC,[B,mulnn,getLength],[B,[subnn,3],getDot]]",5326.0
34,"0,0,0,0,2,2,2,2,2,2,2,2,0,0,0,0,0,0,0,0,0,0,0,0,2,2,2,2,2,2,2,2,0,0,0,0,0,0,0,0,0,0,0,0,2,2,2,2,2,2,2,2,0,0,0,0,0,0,0,0,0,0,0,0,2,2,2,2,2,2,2,2,0,0,0,0,0,0,0,0,0,0,0,0,2,2,2,2,2,2,2,2,0,0,0,0,0,0,0,0","[SK,[B,mulnn,getDot],[B,[subnn,3],getDot]]",1551.0
35,"0,0,0,0,1,1,1,1,2,2,2,2,3,3,3,3,4,4,4,4,3,3,3,3,4,4,4,4,5,5,5,5,6,6,6,6,7,7,7,7,6,6,6,6,7,7,7,7,8,8,8,8,9,9,9,9,10,10,10,10,9,9,9,9,10,10,10,10,11,11,11,11,12,12,12,12,13,13,13,13,12,12,12,12,13,13,13,13,14,14,14,14,15,15,15,15,16,16,16,16","[SK,[B,addnn,getDot],[B,[mulnn,3],getStripe]]",38.0
36,"0,0,0,0,0,0,0,0,0,0,0,0,0,0,0,0,0,0,0,0,3,3,3,3,3,3,3,3,3,3,3,3,3,3,3,3,3,3,3,3,12,12,12,12,12,12,12,12,12,12,12,12,12,12,12,12,12,12,12,12,16,16,16,16,16,16,16,16,16,16,16,16,16,16,16,16,16,16,16,16,16,16,16,16,16,16,16,16,16,16,16,16,16,16,16,16,16,16,16,16","[SK,[B,mulnn,getStripe],[B,[mulnn,3],getStripe]]",38.0
37,"0,0,0,0,0,0,0,0,0,0,0,0,0,0,0,0,0,0,0,0,2,1,0,0,2,1,0,0,2,1,0,0,2,1,0,0,2,1,0,0,5,4,3,2,5,4,3,2,5,4,3,2,5,4,3,2,5,4,3,2,8,7,6,5,8,7,6,5,8,7,6,5,8,7,6,5,8,7,6,5,11,10,9,8,11,10,9,8,11,10,9,8,11,10,9,8,11,10,9,8","[CB,[B,subnn,[B,[mulnn,3],getStripe]],getLength]",103.0
38,"0,0,0,0,0,0,0,0,0,0,0,0,0,0,0,0,0,0,0,0,1,1,1,1,1,1,1,1,1,1,1,1,1,1,1,1,1,1,1,1,4,4,4,4,4,4,4,4,4,4,4,4,4,4,4,4,4,4,4,4,7,7,7,7,7,7,7,7,7,7,7,7,7,7,7,7,7,7,7,7,10,10,10,10,10,10,10,10,10,10,10,10,10,10,10,10,10,10,10,10","[CK,[B,subnn,[B,[mulnn,3],getStripe]],2]",17.0
39,"0,0,0,0,0,0,0,0,0,0,0,0,0,0,0,0,0,0,0,0,3,3,3,3,2,2,2,2,1,1,1,1,0,0,0,0,0,0,0,0,6,6,6,6,5,5,5,5,4,4,4,4,3,3,3,3,2,2,2,2,9,9,9,9,8,8,8,8,7,7,7,7,6,6,6,6,5,5,5,5,12,12,12,12,11,11,11,11,10,10,10,10,9,9,9,9,8,8,8,8","[SK,[B,subnn,[B,[mulnn,3],getStripe]],getDot]",18.0
40,"6,6,6,6,6,6,6,6,6,6,6,6,6,6,6,6,6,6,6,6,5,5,5,5,5,5,5,5,5,5,5,5,5,5,5,5,5,5,5,5,4,4,4,4,4,4,4,4,4,4,4,4,4,4,4,4,4,4,4,4,3,3,3,3,3,3,3,3,3,3,3,3,3,3,3,3,3,3,3,3,2,2,2,2,2,2,2,2,2,2,2,2,2,2,2,2,2,2,2,2","[BK,[addnn,2],[B,[subnn,4],getStripe]]",387.0
41,"5,6,7,8,5,6,7,8,5,6,7,8,5,6,7,8,5,6,7,8,4,5,6,7,4,5,6,7,4,5,6,7,4,5,6,7,4,5,6,7,3,4,5,6,3,4,5,6,3,4,5,6,3,4,5,6,3,4,5,6,2,3,4,5,2,3,4,5,2,3,4,5,2,3,4,5,2,3,4,5,1,2,3,4,1,2,3,4,1,2,3,4,1,2,3,4,1,2,3,4","[BC,[B,addnn,getLength],[B,[subnn,4],getStripe]]",315.0
42,"4,4,4,4,5,5,5,5,6,6,6,6,7,7,7,7,8,8,8,8,3,3,3,3,4,4,4,4,5,5,5,5,6,6,6,6,7,7,7,7,2,2,2,2,3,3,3,3,4,4,4,4,5,5,5,5,6,6,6,6,1,1,1,1,2,2,2,2,3,3,3,3,4,4,4,4,5,5,5,5,0,0,0,0,1,1,1,1,2,2,2,2,3,3,3,3,4,4,4,4","[SK,[B,addnn,getDot],[B,[subnn,4],getStripe]]",59.0
43,"8,8,8,8,8,8,8,8,8,8,8,8,8,8,8,8,8,8,8,8,6,6,6,6,6,6,6,6,6,6,6,6,6,6,6,6,6,6,6,6,4,4,4,4,4,4,4,4,4,4,4,4,4,4,4,4,4,4,4,4,2,2,2,2,2,2,2,2,2,2,2,2,2,2,2,2,2,2,2,2,0,0,0,0,0,0,0,0,0,0,0,0,0,0,0,0,0,0,0,0","[BK,[mulnn,2],[B,[subnn,4],getStripe]]",145.0
44,"4,8,12,16,4,8,12,16,4,8,12,16,4,8,12,16,4,8,12,16,3,6,9,12,3,6,9,12,3,6,9,12,3,6,9,12,3,6,9,12,2,4,6,8,2,4,6,8,2,4,6,8,2,4,6,8,2,4,6,8,1,2,3,4,1,2,3,4,1,2,3,4,1,2,3,4,1,2,3,4,0,0,0,0,0,0,0,0,0,0,0,0,0,0,0,0,0,0,0,0","[BC,[B,mulnn,getLength],[B,[subnn,4],getStripe]]",315.0
45,"0,0,0,0,0,0,0,0,0,0,0,0,0,0,0,0,0,0,0,0,3,3,3,3,3,3,3,3,3,3,3,3,3,3,3,3,3,3,3,3,4,4,4,4,4,4,4,4,4,4,4,4,4,4,4,4,4,4,4,4,3,3,3,3,3,3,3,3,3,3,3,3,3,3,3,3,3,3,3,3,0,0,0,0,0,0,0,0,0,0,0,0,0,0,0,0,0,0,0,0","[SK,[B,mulnn,getStripe],[B,[subnn,4],getStripe]]",87.0
46,"16,16,16,16,16,16,16,16,16,16,16,16,16,16,16,16,16,16,16,16,9,9,9,9,9,9,9,9,9,9,9,9,9,9,9,9,9,9,9,9,4,4,4,4,4,4,4,4,4,4,4,4,4,4,4,4,4,4,4,4,1,1,1,1,1,1,1,1,1,1,1,1,1,1,1,1,1,1,1,1,0,0,0,0,0,0,0,0,0,0,0,0,0,0,0,0,0,0,0,0","[SK,[B,mulnn,[B,[subnn,4],getStripe]],[B,[subnn,4],getStripe]]",49.0
47,"4,4,4,4,3,3,3,3,2,2,2,2,1,1,1,1,0,0,0,0,3,3,3,3,2,2,2,2,1,1,1,1,0,0,0,0,0,0,0,0,2,2,2,2,1,1,1,1,0,0,0,0,0,0,0,0,0,0,0,0,1,1,1,1,0,0,0,0,0,0,0,0,0,0,0,0,0,0,0,0,0,0,0,0,0,0,0,0,0,0,0,0,0,0,0,0,0,0,0,0","[SK,[B,subnn,[B,[subnn,4],getStripe]],getDot]",31.0
48,"0,1,2,3,0,1,2,3,0,1,2,3,0,1,2,3,0,1,2,3,1,2,3,4,1,2,3,4,1,2,3,4,1,2,3,4,1,2,3,4,2,3,4,5,2,3,4,5,2,3,4,5,2,3,4,5,2,3,4,5,3,4,5,6,3,4,5,6,3,4,5,6,3,4,5,6,3,4,5,6,4,5,6,7,4,5,6,7,4,5,6,7,4,5,6,7,4,5,6,7","[BC,[B,subnn,getLength],[S,[B,subnn,getLength],getStripe]]",53.0
49,"0,0,0,0,0,0,0,0,0,0,0,0,0,0,0,0,0,0,0,0,1,2,3,4,0,1,2,3,0,0,1,2,0,0,0,1,0,0,0,0,2,4,6,8,0,2,4,6,0,0,2,4,0,0,0,2,0,0,0,0,3,6,9,12,0,3,6,9,0,0,3,6,0,0,0,3,0,0,0,0,4,8,12,16,0,4,8,12,0,0,4,8,0,0,0,4,0,0,0,0","[SB,[B,mulnn,getStripe],[BC,[B,subnn,getLength],getDot]]",24.0
50,"1,1,1,1,1,1,1,1,1,1,1,1,1,1,1,1,1,1,1,1,3,3,3,3,3,3,3,3,3,3,3,3,3,3,3,3,3,3,3,3,5,5,5,5,5,5,5,5,5,5,5,5,5,5,5,5,5,5,5,5,7,7,7,7,7,7,7,7,7,7,7,7,7,7,7,7,7,7,7,7,9,9,9,9,9,9,9,9,9,9,9,9,9,9,9,9,9,9,9,9","[SK,[B,addnn,getStripe],[S,[B,addnn,getLength],getStripe]]",15.0
51,"2,4,6,8,1,3,5,7,0,2,4,6,0,1,3,5,0,0,2,4,2,4,6,8,1,3,5,7,0,2,4,6,0,1,3,5,0,0,2,4,2,4,6,8,1,3,5,7,0,2,4,6,0,1,3,5,0,0,2,4,2,4,6,8,1,3,5,7,0,2,4,6,0,1,3,5,0,0,2,4,2,4,6,8,1,3,5,7,0,2,4,6,0,1,3,5,0,0,2,4","[BS,[B,addnn,getLength],[SC,[KB,subnn,getLength],getDot]]",35.0
52,"1,2,3,4,0,1,2,3,0,0,1,2,0,0,0,1,0,0,0,0,2,3,4,5,1,2,3,4,0,1,2,3,0,0,1,2,0,0,0,1,3,4,5,6,2,3,4,5,1,2,3,4,0,1,2,3,0,0,1,2,4,5,6,7,3,4,5,6,2,3,4,5,1,2,3,4,0,1,2,3,5,6,7,8,4,5,6,7,3,4,5,6,2,3,4,5,1,2,3,4","[SB,[B,addnn,getStripe],[SC,[KB,subnn,getLength],getDot]]",10.0
53,"2,4,6,8,0,2,4,6,0,0,2,4,0,0,0,2,0,0,0,0,2,4,6,8,0,2,4,6,0,0,2,4,0,0,0,2,0,0,0,0,2,4,6,8,0,2,4,6,0,0,2,4,0,0,0,2,0,0,0,0,2,4,6,8,0,2,4,6,0,0,2,4,0,0,0,2,0,0,0,0,2,4,6,8,0,2,4,6,0,0,2,4,0,0,0,2,0,0,0,0","[BB,[mulnn,2],[SC,[KB,subnn,getLength],getDot]]",12.0
54,"1,4,9,16,0,2,6,12,0,0,3,8,0,0,0,4,0,0,0,0,1,4,9,16,0,2,6,12,0,0,3,8,0,0,0,4,0,0,0,0,1,4,9,16,0,2,6,12,0,0,3,8,0,0,0,4,0,0,0,0,1,4,9,16,0,2,6,12,0,0,3,8,0,0,0,4,0,0,0,0,1,4,9,16,0,2,6,12,0,0,3,8,0,0,0,4,0,0,0,0","[BS,[B,mulnn,getLength],[SC,[KB,subnn,getLength],getDot]]",30.0
55,"1,4,9,16,0,1,4,9,1,0,1,4,4,1,0,1,9,4,1,0,1,4,9,16,0,1,4,9,1,0,1,4,4,1,0,1,9,4,1,0,1,4,9,16,0,1,4,9,1,0,1,4,4,1,0,1,9,4,1,0,1,4,9,16,0,1,4,9,1,0,1,4,4,1,0,1,9,4,1,0,1,4,9,16,0,1,4,9,1,0,1,4,4,1,0,1,9,4,1,0","[SS,[BB,mulnn,[SC,[KB,subnn,getLength],getDot]],[SC,[KB,subnn,getLength],getDot]]",3.0
56,"1,2,3,4,0,0,1,2,0,0,0,0,0,0,0,0,0,0,0,0,1,2,3,4,0,0,1,2,0,0,0,0,0,0,0,0,0,0,0,0,1,2,3,4,0,0,1,2,0,0,0,0,0,0,0,0,0,0,0,0,1,2,3,4,0,0,1,2,0,0,0,0,0,0,0,0,0,0,0,0,1,2,3,4,0,0,1,2,0,0,0,0,0,0,0,0,0,0,0,0","[SC,[BB,subnn,[SC,[KB,subnn,getLength],getDot]],getDot]",2.0
57,"3,3,3,3,6,6,6,6,9,9,9,9,12,12,12,12,15,15,15,15,3,3,3,3,6,6,6,6,9,9,9,9,12,12,12,12,15,15,15,15,3,3,3,3,6,6,6,6,9,9,9,9,12,12,12,12,15,15,15,15,3,3,3,3,6,6,6,6,9,9,9,9,12,12,12,12,15,15,15,15,3,3,3,3,6,6,6,6,9,9,9,9,12,12,12,12,15,15,15,15","[BK,[mulnn,3],[S,[B,addnn,getLength],getDot]]",49.0
58,"4,4,4,4,8,8,8,8,12,12,12,12,16,16,16,16,16,16,16,16,4,4,4,4,8,8,8,8,12,12,12,12,16,16,16,16,16,16,16,16,4,4,4,4,8,8,8,8,12,12,12,12,16,16,16,16,16,16,16,16,4,4,4,4,8,8,8,8,12,12,12,12,16,16,16,16,16,16,16,16,4,4,4,4,8,8,8,8,12,12,12,12,16,16,16,16,16,16,16,16","[BK,[mulnn,4],[S,[B,addnn,getLength],getDot]]",12.0
59,"1,2,3,4,2,4,6,8,3,6,9,12,4,8,12,16,5,10,15,16,1,2,3,4,2,4,6,8,3,6,9,12,4,8,12,16,5,10,15,16,1,2,3,4,2,4,6,8,3,6,9,12,4,8,12,16,5,10,15,16,1,2,3,4,2,4,6,8,3,6,9,12,4,8,12,16,5,10,15,16,1,2,3,4,2,4,6,8,3,6,9,12,4,8,12,16,5,10,15,16","[BC,[B,mulnn,getLength],[S,[B,addnn,getLength],getDot]]",49.0
60,"0,0,0,0,0,0,0,0,0,0,0,0,0,0,0,0,0,0,0,0,3,3,3,3,6,6,6,6,9,9,9,9,12,12,12,12,15,15,15,15,6,6,6,6,12,12,12,12,16,16,16,16,16,16,16,16,16,16,16,16,9,9,9,9,16,16,16,16,16,16,16,16,16,16,16,16,16,16,16,16,12,12,12,12,16,16,16,16,16,16,16,16,16,16,16,16,16,16,16,16","[SK,[B,mulnn,[C,[B,mulnn,getStripe],3]],[S,[B,addnn,getLength],getDot]]",7.0
61,"0,0,0,0,0,0,0,0,0,0,0,0,0,0,0,0,0,0,0,0,1,2,3,4,2,3,4,5,3,4,5,6,4,5,6,7,5,6,7,8,2,4,6,8,4,6,8,10,6,8,10,12,8,10,12,14,10,12,14,16,3,6,9,12,6,9,12,15,9,12,15,16,12,15,16,16,15,16,16,16,4,8,12,16,8,12,16,16,12,16,16,16,16,16,16,16,16,16,16,16","[SB,[B,mulnn,getStripe],[CB,[B,addnn,getDot],getLength]]",21.0
62,"2,3,4,5,2,3,4,5,2,3,4,5,2,3,4,5,2,3,4,5,1,2,3,4,1,2,3,4,1,2,3,4,1,2,3,4,1,2,3,4,0,1,2,3,0,1,2,3,0,1,2,3,0,1,2,3,0,1,2,3,0,0,1,2,0,0,1,2,0,0,1,2,0,0,1,2,0,0,1,2,0,0,0,1,0,0,0,1,0,0,0,1,0,0,0,1,0,0,0,1","[BC,[B,addnn,getLength],[S,[B,subnn,getLength],getStripe]]",49.0
63,"3,6,9,12,3,6,9,12,3,6,9,12,3,6,9,12,3,6,9,12,2,5,8,11,2,5,8,11,2,5,8,11,2,5,8,11,2,5,8,11,1,4,7,10,1,4,7,10,1,4,7,10,1,4,7,10,1,4,7,10,0,3,6,9,0,3,6,9,0,3,6,9,0,3,6,9,0,3,6,9,0,2,5,8,0,2,5,8,0,2,5,8,0,2,5,8,0,2,5,8","[BC,[B,subnn,[B,[mulnn,3],getLength]],getStripe]",14.0
64,"1,4,7,10,1,4,7,10,1,4,7,10,1,4,7,10,1,4,7,10,1,4,7,10,1,4,7,10,1,4,7,10,1,4,7,10,1,4,7,10,1,4,7,10,1,4,7,10,1,4,7,10,1,4,7,10,1,4,7,10,1,4,7,10,1,4,7,10,1,4,7,10,1,4,7,10,1,4,7,10,1,4,7,10,1,4,7,10,1,4,7,10,1,4,7,10,1,4,7,10","[KC,[B,subnn,[B,[mulnn,3],getLength]],2]",14.0
65,"6,5,4,3,6,5,4,3,6,5,4,3,6,5,4,3,6,5,4,3,5,4,3,2,5,4,3,2,5,4,3,2,5,4,3,2,5,4,3,2,4,3,2,1,4,3,2,1,4,3,2,1,4,3,2,1,4,3,2,1,3,2,1,0,3,2,1,0,3,2,1,0,3,2,1,0,3,2,1,0,2,1,0,0,2,1,0,0,2,1,0,0,2,1,0,0,2,1,0,0","[BC,[B,addnn,[S,[K,subnn,4],getLength]],[B,[subnn,3],getStripe]]",8.0
66,"6,6,6,6,5,5,5,5,4,4,4,4,3,3,3,3,2,2,2,2,5,5,5,5,4,4,4,4,3,3,3,3,2,2,2,2,1,1,1,1,4,4,4,4,3,3,3,3,2,2,2,2,1,1,1,1,0,0,0,0,3,3,3,3,2,2,2,2,1,1,1,1,0,0,0,0,0,0,0,0,2,2,2,2,1,1,1,1,0,0,0,0,0,0,0,0,0,0,0,0","[SK,[B,addnn,[B,[subnn,3],getDot]],[B,[subnn,3],getStripe]]",35.0
67,"9,6,3,0,6,4,2,0,3,2,1,0,0,0,0,0,0,0,0,0,9,6,3,0,6,4,2,0,3,2,1,0,0,0,0,0,0,0,0,0,9,6,3,0,6,4,2,0,3,2,1,0,0,0,0,0,0,0,0,0,9,6,3,0,6,4,2,0,3,2,1,0,0,0,0,0,0,0,0,0,9,6,3,0,6,4,2,0,3,2,1,0,0,0,0,0,0,0,0,0","[BC,[B,mulnn,[B,[subnn,4],getLength]],[B,[subnn,3],getDot]]",25.0
68,"6,6,6,6,7,7,7,7,8,8,8,8,9,9,9,9,10,10,10,10,5,5,5,5,6,6,6,6,7,7,7,7,8,8,8,8,9,9,9,9,4,4,4,4,5,5,5,5,6,6,6,6,7,7,7,7,8,8,8,8,3,3,3,3,4,4,4,4,5,5,5,5,6,6,6,6,7,7,7,7,2,2,2,2,3,3,3,3,4,4,4,4,5,5,5,5,6,6,6,6","[SK,[B,addnn,[B,[addnn,3],getDot]],[B,[subnn,3],getStripe]]",7.0
69,"12,12,12,12,12,12,12,12,12,12,12,12,12,12,12,12,12,12,12,12,8,8,8,8,8,8,8,8,8,8,8,8,8,8,8,8,8,8,8,8,4,4,4,4,4,4,4,4,4,4,4,4,4,4,4,4,4,4,4,4,0,0,0,0,0,0,0,0,0,0,0,0,0,0,0,0,0,0,0,0,0,0,0,0,0,0,0,0,0,0,0,0,0,0,0,0,0,0,0,0","[BK,[mulnn,4],[B,[subnn,3],getStripe]]",18.0
70,"0,0,0,0,0,0,0,0,0,0,0,0,0,0,0,0,0,0,0,0,3,3,3,3,3,3,3,3,3,3,3,3,3,3,3,3,3,3,3,3,8,8,8,8,8,8,8,8,8,8,8,8,8,8,8,8,8,8,8,8,15,15,15,15,15,15,15,15,15,15,15,15,15,15,15,15,15,15,15,15,16,16,16,16,16,16,16,16,16,16,16,16,16,16,16,16,16,16,16,16","[SK,[B,mulnn,getStripe],[B,[addnn,2],getStripe]]",34.0
71,"3,2,1,0,3,2,1,0,3,2,1,0,3,2,1,0,3,2,1,0,4,3,2,1,4,3,2,1,4,3,2,1,4,3,2,1,4,3,2,1,5,4,3,2,5,4,3,2,5,4,3,2,5,4,3,2,5,4,3,2,6,5,4,3,6,5,4,3,6,5,4,3,6,5,4,3,6,5,4,3,7,6,5,4,7,6,5,4,7,6,5,4,7,6,5,4,7,6,5,4","[BC,[B,addnn,[B,[subnn,4],getLength]],getStripe]",8.0
72,"6,4,2,0,6,4,2,0,6,4,2,0,6,4,2,0,6,4,2,0,6,4,2,0,6,4,2,0,6,4,2,0,6,4,2,0,6,4,2,0,6,4,2,0,6,4,2,0,6,4,2,0,6,4,2,0,6,4,2,0,6,4,2,0,6,4,2,0,6,4,2,0,6,4,2,0,6,4,2,0,6,4,2,0,6,4,2,0,6,4,2,0,6,4,2,0,6,4,2,0","[KB,[mulnn,2],[B,[subnn,4],getLength]]",16.0
73,"0,0,0,0,0,0,0,0,0,0,0,0,0,0,0,0,0,0,0,0,3,2,1,0,3,2,1,0,3,2,1,0,3,2,1,0,3,2,1,0,6,4,2,0,6,4,2,0,6,4,2,0,6,4,2,0,6,4,2,0,9,6,3,0,9,6,3,0,9,6,3,0,9,6,3,0,9,6,3,0,12,8,4,0,12,8,4,0,12,8,4,0,12,8,4,0,12,8,4,0","[BC,[B,mulnn,[B,[subnn,4],getLength]],getStripe]",8.0
74,"9,6,3,0,9,6,3,0,9,6,3,0,9,6,3,0,9,6,3,0,9,6,3,0,9,6,3,0,9,6,3,0,9,6,3,0,9,6,3,0,9,6,3,0,9,6,3,0,9,6,3,0,9,6,3,0,9,6,3,0,9,6,3,0,9,6,3,0,9,6,3,0,9,6,3,0,9,6,3,0,9,6,3,0,9,6,3,0,9,6,3,0,9,6,3,0,9,6,3,0","[KB,[mulnn,3],[B,[subnn,4],getLength]]",40.0
75,"9,4,1,0,9,4,1,0,9,4,1,0,9,4,1,0,9,4,1,0,9,4,1,0,9,4,1,0,9,4,1,0,9,4,1,0,9,4,1,0,9,4,1,0,9,4,1,0,9,4,1,0,9,4,1,0,9,4,1,0,9,4,1,0,9,4,1,0,9,4,1,0,9,4,1,0,9,4,1,0,9,4,1,0,9,4,1,0,9,4,1,0,9,4,1,0,9,4,1,0","[KS,[B,mulnn,[B,[subnn,4],getLength]],[B,[subnn,4],getLength]]",4.0
76,"2,4,6,8,3,5,7,9,4,6,8,10,5,7,9,11,6,8,10,12,2,4,6,8,3,5,7,9,4,6,8,10,5,7,9,11,6,8,10,12,2,4,6,8,3,5,7,9,4,6,8,10,5,7,9,11,6,8,10,12,2,4,6,8,3,5,7,9,4,6,8,10,5,7,9,11,6,8,10,12,2,4,6,8,3,5,7,9,4,6,8,10,5,7,9,11,6,8,10,12","[BS,[B,addnn,getLength],[BC,[B,addnn,getLength],getDot]]",74.0
77,"1,2,3,4,3,4,5,6,5,6,7,8,7,8,9,10,9,10,11,12,1,2,3,4,3,4,5,6,5,6,7,8,7,8,9,10,9,10,11,12,1,2,3,4,3,4,5,6,5,6,7,8,7,8,9,10,9,10,11,12,1,2,3,4,3,4,5,6,5,6,7,8,7,8,9,10,9,10,11,12,1,2,3,4,3,4,5,6,5,6,7,8,7,8,9,10,9,10,11,12","[SB,[B,addnn,getDot],[BC,[B,addnn,getLength],getDot]]",15.0
78,"1,2,3,4,2,3,4,5,3,4,5,6,4,5,6,7,5,6,7,8,2,3,4,5,3,4,5,6,4,5,6,7,5,6,7,8,6,7,8,9,3,4,5,6,4,5,6,7,5,6,7,8,6,7,8,9,7,8,9,10,4,5,6,7,5,6,7,8,6,7,8,9,7,8,9,10,8,9,10,11,5,6,7,8,6,7,8,9,7,8,9,10,8,9,10,11,9,10,11,12","[SB,[B,addnn,getStripe],[BC,[B,addnn,getLength],getDot]]",15.0
79,"2,4,6,8,4,6,8,10,6,8,10,12,8,10,12,14,10,12,14,16,2,4,6,8,4,6,8,10,6,8,10,12,8,10,12,14,10,12,14,16,2,4,6,8,4,6,8,10,6,8,10,12,8,10,12,14,10,12,14,16,2,4,6,8,4,6,8,10,6,8,10,12,8,10,12,14,10,12,14,16,2,4,6,8,4,6,8,10,6,8,10,12,8,10,12,14,10,12,14,16","[BB,[mulnn,2],[BC,[B,addnn,getLength],getDot]]",30.0
80,"1,4,9,16,2,6,12,16,3,8,15,16,4,10,16,16,5,12,16,16,1,4,9,16,2,6,12,16,3,8,15,16,4,10,16,16,5,12,16,16,1,4,9,16,2,6,12,16,3,8,15,16,4,10,16,16,5,12,16,16,1,4,9,16,2,6,12,16,3,8,15,16,4,10,16,16,5,12,16,16,1,4,9,16,2,6,12,16,3,8,15,16,4,10,16,16,5,12,16,16","[BS,[B,mulnn,getLength],[BC,[B,addnn,getLength],getDot]]",74.0
81,"1,4,9,16,4,9,16,16,9,16,16,16,16,16,16,16,16,16,16,16,1,4,9,16,4,9,16,16,9,16,16,16,16,16,16,16,16,16,16,16,1,4,9,16,4,9,16,16,9,16,16,16,16,16,16,16,16,16,16,16,1,4,9,16,4,9,16,16,9,16,16,16,16,16,16,16,16,16,16,16,1,4,9,16,4,9,16,16,9,16,16,16,16,16,16,16,16,16,16,16","[SS,[BB,mulnn,[BC,[B,addnn,getLength],getDot]],[BC,[B,addnn,getLength],getDot]]",5.0
82,"0,0,0,0,0,0,0,0,0,0,0,0,0,0,0,0,0,0,0,0,1,2,3,4,1,2,3,4,1,2,3,4,1,2,3,4,1,2,3,4,4,8,12,16,4,8,12,16,4,8,12,16,4,8,12,16,4,8,12,16,9,16,16,16,9,16,16,16,9,16,16,16,9,16,16,16,9,16,16,16,16,16,16,16,16,16,16,16,16,16,16,16,16,16,16,16,16,16,16,16","[SB,[B,mulnn,getStripe],[SC,[KB,mulnn,getLength],getStripe]]",12.0
83,"5,6,7,8,4,5,6,7,3,4,5,6,2,3,4,5,1,2,3,4,4,5,6,7,3,4,5,6,2,3,4,5,1,2,3,4,0,1,2,3,3,4,5,6,2,3,4,5,1,2,3,4,0,1,2,3,0,0,1,2,2,3,4,5,1,2,3,4,0,1,2,3,0,0,1,2,0,0,0,1,1,2,3,4,0,1,2,3,0,0,1,2,0,0,0,1,0,0,0,0","[SB,[B,addnn,[B,[subnn,4],getStripe]],[SC,[BB,subnn,[KB,getLength,I]],getDot]]",5.0
84,"4,8,12,16,0,4,8,12,0,0,4,8,0,0,0,4,0,0,0,0,3,6,9,12,0,3,6,9,0,0,3,6,0,0,0,3,0,0,0,0,2,4,6,8,0,2,4,6,0,0,2,4,0,0,0,2,0,0,0,0,1,2,3,4,0,1,2,3,0,0,1,2,0,0,0,1,0,0,0,0,0,0,0,0,0,0,0,0,0,0,0,0,0,0,0,0,0,0,0,0","[SB,[B,mulnn,[B,[subnn,4],getStripe]],[SC,[BB,subnn,[KB,getLength,I]],getDot]]",5.0
85,"6,6,6,6,6,6,6,6,6,6,6,6,6,6,6,6,6,6,6,6,6,6,6,6,6,6,6,6,6,6,6,6,6,6,6,6,6,6,6,6,4,4,4,4,4,4,4,4,4,4,4,4,4,4,4,4,4,4,4,4,0,0,0,0,0,0,0,0,0,0,0,0,0,0,0,0,0,0,0,0,0,0,0,0,0,0,0,0,0,0,0,0,0,0,0,0,0,0,0,0","[SB,[B,mulnn,[B,[subnn,3],getStripe]],[CC,[BK,addnn,getStripe],2]]",3.0
86,"0,0,0,0,0,0,0,0,0,0,0,0,0,0,0,0,0,0,0,0,0,0,0,0,0,0,0,0,0,0,0,0,0,0,0,0,0,0,0,0,0,0,0,0,0,0,0,0,0,0,0,0,0,0,0,0,0,0,0,0,0,0,0,0,0,0,0,0,0,0,0,0,0,0,0,0,0,0,0,0,0,0,0,0,0,0,0,0,0,0,0,0,0,0,0,0,0,0,0,0","[KK,[addnn,0],0]",15847.0
87,"2,2,2,2,2,2,2,2,2,2,2,2,2,2,2,2,2,2,2,2,2,2,2,2,2,2,2,2,2,2,2,2,2,2,2,2,2,2,2,2,2,2,2,2,2,2,2,2,2,2,2,2,2,2,2,2,2,2,2,2,2,2,2,2,2,2,2,2,2,2,2,2,2,2,2,2,2,2,2,2,2,2,2,2,2,2,2,2,2,2,2,2,2,2,2,2,2,2,2,2","[KK,[addnn,0],2]",6666.0
88,"0,0,0,0,1,1,1,1,2,2,2,2,3,3,3,3,4,4,4,4,0,0,0,0,1,1,1,1,2,2,2,2,3,3,3,3,4,4,4,4,0,0,0,0,1,1,1,1,2,2,2,2,3,3,3,3,4,4,4,4,0,0,0,0,1,1,1,1,2,2,2,2,3,3,3,3,4,4,4,4,0,0,0,0,1,1,1,1,2,2,2,2,3,3,3,3,4,4,4,4","[BK,getDot,[B,I,I]]",1537.0
89,"0,0,0,0,0,0,0,0,0,0,0,0,0,0,0,0,0,0,0,0,1,1,1,1,1,1,1,1,1,1,1,1,1,1,1,1,1,1,1,1,2,2,2,2,2,2,2,2,2,2,2,2,2,2,2,2,2,2,2,2,3,3,3,3,3,3,3,3,3,3,3,3,3,3,3,3,3,3,3,3,4,4,4,4,4,4,4,4,4,4,4,4,4,4,4,4,4,4,4,4","[BK,getStripe,[B,I,I]]",1484.0
90,"2,1,0,0,2,1,0,0,2,1,0,0,2,1,0,0,2,1,0,0,2,1,0,0,2,1,0,0,2,1,0,0,2,1,0,0,2,1,0,0,2,1,0,0,2,1,0,0,2,1,0,0,2,1,0,0,2,1,0,0,2,1,0,0,2,1,0,0,2,1,0,0,2,1,0,0,2,1,0,0,2,1,0,0,2,1,0,0,2,1,0,0,2,1,0,0,2,1,0,0","[KB,[subnn,3],getLength]",868.0
91,"3,2,1,0,3,2,1,0,3,2,1,0,3,2,1,0,3,2,1,0,3,2,1,0,3,2,1,0,3,2,1,0,3,2,1,0,3,2,1,0,3,2,1,0,3,2,1,0,3,2,1,0,3,2,1,0,3,2,1,0,3,2,1,0,3,2,1,0,3,2,1,0,3,2,1,0,3,2,1,0,3,2,1,0,3,2,1,0,3,2,1,0,3,2,1,0,3,2,1,0","[KB,[subnn,4],getLength]",107.0
92,"1,1,1,1,1,1,1,1,1,1,1,1,1,1,1,1,1,1,1,1,0,0,0,0,0,0,0,0,0,0,0,0,0,0,0,0,0,0,0,0,0,0,0,0,0,0,0,0,0,0,0,0,0,0,0,0,0,0,0,0,0,0,0,0,0,0,0,0,0,0,0,0,0,0,0,0,0,0,0,0,0,0,0,0,0,0,0,0,0,0,0,0,0,0,0,0,0,0,0,0","[BK,[subnn,1],getStripe]",202.0
93,"0,0,0,1,0,0,0,1,0,0,0,1,0,0,0,1,0,0,0,1,0,0,0,1,0,0,0,1,0,0,0,1,0,0,0,1,0,0,0,1,0,0,0,1,0,0,0,1,0,0,0,1,0,0,0,1,0,0,0,1,0,0,0,1,0,0,0,1,0,0,0,1,0,0,0,1,0,0,0,1,0,0,0,1,0,0,0,1,0,0,0,1,0,0,0,1,0,0,0,1","[KC,[B,subnn,getLength],3]",83.0
94,"0,0,0,0,0,0,0,0,1,0,0,0,2,1,0,0,3,2,1,0,0,0,0,0,0,0,0,0,1,0,0,0,2,1,0,0,3,2,1,0,0,0,0,0,0,0,0,0,1,0,0,0,2,1,0,0,3,2,1,0,0,0,0,0,0,0,0,0,1,0,0,0,2,1,0,0,3,2,1,0,0,0,0,0,0,0,0,0,1,0,0,0,2,1,0,0,3,2,1,0","[CB,[B,subnn,getDot],getLength]",183.0
95,"0,0,0,0,0,0,0,0,0,0,0,0,0,0,0,0,1,1,1,1,0,0,0,0,0,0,0,0,0,0,0,0,0,0,0,0,1,1,1,1,0,0,0,0,0,0,0,0,0,0,0,0,0,0,0,0,1,1,1,1,0,0,0,0,0,0,0,0,0,0,0,0,0,0,0,0,1,1,1,1,0,0,0,0,0,0,0,0,0,0,0,0,0,0,0,0,1,1,1,1","[CK,[B,subnn,getDot],3]",62.0
96,"0,0,0,0,0,0,0,0,0,0,0,0,0,0,0,0,0,0,0,0,0,0,0,0,0,0,0,0,0,0,0,0,0,0,0,0,0,0,0,0,1,1,1,1,1,1,1,1,1,1,1,1,1,1,1,1,1,1,1,1,2,2,2,2,2,2,2,2,2,2,2,2,2,2,2,2,2,2,2,2,3,3,3,3,3,3,3,3,3,3,3,3,3,3,3,3,3,3,3,3","[CK,[B,subnn,getStripe],1]",438.0
97,"4,2,0,0,4,2,0,0,4,2,0,0,4,2,0,0,4,2,0,0,4,2,0,0,4,2,0,0,4,2,0,0,4,2,0,0,4,2,0,0,4,2,0,0,4,2,0,0,4,2,0,0,4,2,0,0,4,2,0,0,4,2,0,0,4,2,0,0,4,2,0,0,4,2,0,0,4,2,0,0,4,2,0,0,4,2,0,0,4,2,0,0,4,2,0,0,4,2,0,0","[KB,[mulnn,2],[B,[subnn,3],getLength]]",275.0
98,"0,0,0,0,2,1,0,0,4,2,0,0,6,3,0,0,8,4,0,0,0,0,0,0,2,1,0,0,4,2,0,0,6,3,0,0,8,4,0,0,0,0,0,0,2,1,0,0,4,2,0,0,6,3,0,0,8,4,0,0,0,0,0,0,2,1,0,0,4,2,0,0,6,3,0,0,8,4,0,0,0,0,0,0,2,1,0,0,4,2,0,0,6,3,0,0,8,4,0,0","[BC,[B,mulnn,[B,[subnn,3],getLength]],getDot]",62.0
99,"0,0,0,0,0,0,0,0,0,0,0,0,0,0,0,0,0,0,0,0,2,1,0,0,2,1,0,0,2,1,0,0,2,1,0,0,2,1,0,0,4,2,0,0,4,2,0,0,4,2,0,0,4,2,0,0,4,2,0,0,6,3,0,0,6,3,0,0,6,3,0,0,6,3,0,0,6,3,0,0,8,4,0,0,8,4,0,0,8,4,0,0,8,4,0,0,8,4,0,0","[BC,[B,mulnn,[B,[subnn,3],getLength]],getStripe]",40.0
100,"2,2,0,0,2,2,0,0,2,2,0,0,2,2,0,0,2,2,0,0,2,2,0,0,2,2,0,0,2,2,0,0,2,2,0,0,2,2,0,0,2,2,0,0,2,2,0,0,2,2,0,0,2,2,0,0,2,2,0,0,2,2,0,0,2,2,0,0,2,2,0,0,2,2,0,0,2,2,0,0,2,2,0,0,2,2,0,0,2,2,0,0,2,2,0,0,2,2,0,0","[KS,[B,mulnn,getLength],[B,[subnn,3],getLength]]",208.0
101,"5,4,3,2,4,3,2,1,3,2,1,0,2,1,0,0,1,0,0,0,5,4,3,2,4,3,2,1,3,2,1,0,2,1,0,0,1,0,0,0,5,4,3,2,4,3,2,1,3,2,1,0,2,1,0,0,1,0,0,0,5,4,3,2,4,3,2,1,3,2,1,0,2,1,0,0,1,0,0,0,5,4,3,2,4,3,2,1,3,2,1,0,2,1,0,0,1,0,0,0","[BC,[B,addnn,[S,[K,subnn,3],getLength]],[B,[subnn,3],getDot]]",39.0
102,"2,4,0,0,2,4,0,0,2,4,0,0,2,4,0,0,2,4,0,0,2,4,0,0,2,4,0,0,2,4,0,0,2,4,0,0,2,4,0,0,2,4,0,0,2,4,0,0,2,4,0,0,2,4,0,0,2,4,0,0,2,4,0,0,2,4,0,0,2,4,0,0,2,4,0,0,2,4,0,0,2,4,0,0,2,4,0,0,2,4,0,0,2,4,0,0,2,4,0,0","[BS,[B,mulnn,getLength],[SS,[KB,mulnn,[S,[K,subnn,3],getLength]],[KB,getLength,I]]]",16.0
103,"6,3,0,0,6,3,0,0,6,3,0,0,6,3,0,0,6,3,0,0,6,3,0,0,6,3,0,0,6,3,0,0,6,3,0,0,6,3,0,0,6,3,0,0,6,3,0,0,6,3,0,0,6,3,0,0,6,3,0,0,6,3,0,0,6,3,0,0,6,3,0,0,6,3,0,0,6,3,0,0,6,3,0,0,6,3,0,0,6,3,0,0,6,3,0,0,6,3,0,0","[BB,[mulnn,3],[BB,[subnn,3],[KB,getLength,I]]]",5.0
104,"8,4,0,0,8,4,0,0,8,4,0,0,8,4,0,0,8,4,0,0,8,4,0,0,8,4,0,0,8,4,0,0,8,4,0,0,8,4,0,0,8,4,0,0,8,4,0,0,8,4,0,0,8,4,0,0,8,4,0,0,8,4,0,0,8,4,0,0,8,4,0,0,8,4,0,0,8,4,0,0,8,4,0,0,8,4,0,0,8,4,0,0,8,4,0,0,8,4,0,0","[BB,[mulnn,4],[BB,[subnn,3],[KB,getLength,I]]]",5.0
105,"0,0,0,0,0,0,0,0,0,0,0,0,0,0,0,0,0,0,0,0,0,0,0,0,2,1,0,0,4,2,0,0,6,3,0,0,8,4,0,0,0,0,0,0,4,2,0,0,8,4,0,0,12,6,0,0,16,8,0,0,0,0,0,0,6,3,0,0,12,6,0,0,16,9,0,0,16,12,0,0,0,0,0,0,8,4,0,0,16,8,0,0,16,12,0,0,16,16,0,0","[SB,[B,mulnn,[S,[B,mulnn,getStripe],getDot]],[BB,[subnn,3],[KB,getLength,I]]]",3.0
106,"4,1,0,1,4,1,0,1,4,1,0,1,4,1,0,1,4,1,0,1,4,1,0,1,4,1,0,1,4,1,0,1,4,1,0,1,4,1,0,1,4,1,0,1,4,1,0,1,4,1,0,1,4,1,0,1,4,1,0,1,4,1,0,1,4,1,0,1,4,1,0,1,4,1,0,1,4,1,0,1,4,1,0,1,4,1,0,1,4,1,0,1,4,1,0,1,4,1,0,1","[SS,[BB,mulnn,[BB,[subnn,3],[KB,getLength,I]]],[BB,[subnn,3],[KB,getLength,I]]]",1.0
107,"3,3,3,3,3,3,3,3,3,3,3,3,3,3,3,3,3,3,3,3,3,3,3,3,2,2,2,2,1,1,1,1,0,0,0,0,0,0,0,0,3,3,3,3,1,1,1,1,0,0,0,0,0,0,0,0,0,0,0,0,3,3,3,3,0,0,0,0,0,0,0,0,0,0,0,0,0,0,0,0,3,3,3,3,0,0,0,0,0,0,0,0,0,0,0,0,0,0,0,0","[BK,[subnn,3],[S,[B,mulnn,getStripe],getDot]]",4.0
108,"1,2,3,4,1,2,3,4,1,2,3,4,1,2,3,4,1,2,3,4,1,2,3,4,0,1,2,3,0,0,1,2,0,0,0,1,0,0,0,0,1,2,3,4,0,0,1,2,0,0,0,0,0,0,0,0,0,0,0,0,1,2,3,4,0,0,0,1,0,0,0,0,0,0,0,0,0,0,0,0,1,2,3,4,0,0,0,0,0,0,0,0,0,0,0,0,0,0,0,0","[BC,[B,subnn,getLength],[S,[B,mulnn,getStripe],getDot]]",5.0
109,"0,0,0,0,0,0,0,0,0,0,0,0,0,0,0,0,0,0,0,0,0,0,0,0,0,0,0,0,1,0,0,0,2,1,0,0,3,2,1,0,0,0,0,0,1,0,0,0,3,2,1,0,5,4,3,2,7,6,5,4,0,0,0,0,2,1,0,0,5,4,3,2,8,7,6,5,11,10,9,8,0,0,0,0,3,2,1,0,7,6,5,4,11,10,9,8,15,14,13,12","[CB,[B,subnn,[S,[B,mulnn,getStripe],getDot]],getLength]",6.0
110,"0,0,0,0,0,0,0,0,0,0,0,0,0,0,0,0,0,0,0,0,0,0,0,0,0,0,0,0,0,0,0,0,1,1,1,1,2,2,2,2,0,0,0,0,0,0,0,0,2,2,2,2,4,4,4,4,6,6,6,6,0,0,0,0,1,1,1,1,4,4,4,4,7,7,7,7,10,10,10,10,0,0,0,0,2,2,2,2,6,6,6,6,10,10,10,10,14,14,14,14","[CK,[B,subnn,[S,[B,mulnn,getStripe],getDot]],2]",2.0
111,"0,0,0,0,0,0,0,0,0,0,0,0,0,0,0,0,0,0,0,0,0,0,0,0,0,0,0,0,0,0,0,0,0,0,0,0,1,1,1,1,0,0,0,0,0,0,0,0,1,1,1,1,3,3,3,3,5,5,5,5,0,0,0,0,0,0,0,0,3,3,3,3,6,6,6,6,9,9,9,9,0,0,0,0,1,1,1,1,5,5,5,5,9,9,9,9,13,13,13,13","[CK,[B,subnn,[S,[B,mulnn,getStripe],getDot]],3]",2.0
112,"0,0,0,0,1,1,1,1,2,2,2,2,3,3,3,3,4,4,4,4,0,0,0,0,0,0,0,0,0,0,0,0,0,0,0,0,0,0,0,0,0,0,0,0,0,0,0,0,0,0,0,0,0,0,0,0,0,0,0,0,0,0,0,0,0,0,0,0,0,0,0,0,0,0,0,0,0,0,0,0,0,0,0,0,0,0,0,0,0,0,0,0,0,0,0,0,0,0,0,0","[SK,[B,subnn,getDot],[S,[B,mulnn,getStripe],getDot]]",4.0
113,"0,0,0,0,0,0,0,0,0,0,0,0,0,0,0,0,0,0,0,0,0,0,0,0,0,0,0,0,0,0,0,0,0,0,0,0,0,0,0,0,0,0,0,0,1,1,1,1,2,2,2,2,3,3,3,3,4,4,4,4,0,0,0,0,2,2,2,2,4,4,4,4,6,6,6,6,8,8,8,8,0,0,0,0,3,3,3,3,6,6,6,6,9,9,9,9,12,12,12,12","[SK,[B,mulnn,getDot],[C,[B,subnn,getStripe],1]]",24.0
114,"0,0,0,0,0,0,0,0,0,0,0,0,0,0,0,0,0,0,0,0,0,0,0,0,0,0,0,0,1,1,1,1,2,2,2,2,3,3,3,3,0,0,0,0,0,0,0,0,2,2,2,2,4,4,4,4,6,6,6,6,0,0,0,0,0,0,0,0,3,3,3,3,6,6,6,6,9,9,9,9,0,0,0,0,0,0,0,0,4,4,4,4,8,8,8,8,12,12,12,12","[SK,[B,subnn,[S,[B,mulnn,getStripe],getDot]],getStripe]",2.0
115,"6,6,6,6,4,4,4,4,2,2,2,2,0,0,0,0,0,0,0,0,6,6,6,6,4,4,4,4,2,2,2,2,0,0,0,0,0,0,0,0,6,6,6,6,4,4,4,4,2,2,2,2,0,0,0,0,0,0,0,0,6,6,6,6,4,4,4,4,2,2,2,2,0,0,0,0,0,0,0,0,6,6,6,6,4,4,4,4,2,2,2,2,0,0,0,0,0,0,0,0","[BK,[mulnn,2],[B,[subnn,3],getDot]]",149.0
116,"0,0,1,2,0,0,1,2,0,0,1,2,0,0,1,2,0,0,1,2,0,1,2,3,0,1,2,3,0,1,2,3,0,1,2,3,0,1,2,3,1,2,3,4,1,2,3,4,1,2,3,4,1,2,3,4,1,2,3,4,2,3,4,5,2,3,4,5,2,3,4,5,2,3,4,5,2,3,4,5,3,4,5,6,3,4,5,6,3,4,5,6,3,4,5,6,3,4,5,6","[BC,[B,subnn,getLength],[B,[subnn,2],getStripe]]",3.0
117,"1,0,0,0,1,0,0,0,1,0,0,0,1,0,0,0,1,0,0,0,2,1,0,0,2,1,0,0,2,1,0,0,2,1,0,0,2,1,0,0,3,2,1,0,3,2,1,0,3,2,1,0,3,2,1,0,3,2,1,0,4,3,2,1,4,3,2,1,4,3,2,1,4,3,2,1,4,3,2,1,5,4,3,2,5,4,3,2,5,4,3,2,5,4,3,2,5,4,3,2","[CB,[B,subnn,[B,[addnn,2],getStripe]],getLength]",20.0
118,"0,0,0,0,0,0,0,0,0,0,0,0,1,1,1,1,2,2,2,2,0,0,0,0,0,0,0,0,1,1,1,1,2,2,2,2,3,3,3,3,0,0,0,0,1,1,1,1,2,2,2,2,3,3,3,3,4,4,4,4,1,1,1,1,2,2,2,2,3,3,3,3,4,4,4,4,5,5,5,5,2,2,2,2,3,3,3,3,4,4,4,4,5,5,5,5,6,6,6,6","[SK,[B,subnn,getDot],[B,[subnn,2],getStripe]]",2.0
119,"0,0,0,0,0,0,0,0,0,0,0,0,0,0,0,0,0,0,0,0,0,0,0,0,0,0,0,0,0,0,0,0,0,0,0,0,0,0,0,0,2,2,2,2,2,2,2,2,2,2,2,2,2,2,2,2,2,2,2,2,4,4,4,4,4,4,4,4,4,4,4,4,4,4,4,4,4,4,4,4,6,6,6,6,6,6,6,6,6,6,6,6,6,6,6,6,6,6,6,6","[BK,[mulnn,2],[C,[B,subnn,getStripe],1]]",114.0
120,"0,0,0,0,0,0,0,0,0,0,0,0,0,0,0,0,0,0,0,0,0,0,0,0,0,0,0,0,0,0,0,0,0,0,0,0,0,0,0,0,3,3,3,3,3,3,3,3,3,3,3,3,3,3,3,3,3,3,3,3,6,6,6,6,6,6,6,6,6,6,6,6,6,6,6,6,6,6,6,6,9,9,9,9,9,9,9,9,9,9,9,9,9,9,9,9,9,9,9,9","[CK,[B,subnn,[B,[mulnn,3],getStripe]],3]",7.0
121,"0,0,0,0,0,0,0,0,0,0,0,0,0,0,0,0,0,0,0,0,0,0,0,0,0,0,0,0,0,0,0,0,0,0,0,0,0,0,0,0,4,4,4,4,4,4,4,4,4,4,4,4,4,4,4,4,4,4,4,4,8,8,8,8,8,8,8,8,8,8,8,8,8,8,8,8,8,8,8,8,12,12,12,12,12,12,12,12,12,12,12,12,12,12,12,12,12,12,12,12","[BB,[mulnn,4],[SC,[BK,subnn,getStripe],getLength]]",5.0
122,"0,0,0,0,0,0,0,0,0,0,0,0,0,0,0,0,0,0,0,0,0,0,0,0,0,0,0,0,0,0,0,0,0,0,0,0,0,0,0,0,2,2,2,2,2,2,2,2,2,2,2,2,2,2,2,2,2,2,2,2,6,6,6,6,6,6,6,6,6,6,6,6,6,6,6,6,6,6,6,6,12,12,12,12,12,12,12,12,12,12,12,12,12,12,12,12,12,12,12,12","[SK,[B,mulnn,getStripe],[C,[B,subnn,getStripe],1]]",20.0
123,"1,1,1,1,1,1,1,1,1,1,1,1,1,1,1,1,1,1,1,1,0,0,0,0,0,0,0,0,0,0,0,0,0,0,0,0,0,0,0,0,1,1,1,1,1,1,1,1,1,1,1,1,1,1,1,1,1,1,1,1,4,4,4,4,4,4,4,4,4,4,4,4,4,4,4,4,4,4,4,4,9,9,9,9,9,9,9,9,9,9,9,9,9,9,9,9,9,9,9,9","[SS,[BB,mulnn,[SC,[BK,subnn,getStripe],getLength]],[SC,[BK,subnn,getStripe],getLength]]",1.0
124,"0,0,0,0,1,0,0,0,3,2,1,0,5,4,3,2,7,6,5,4,0,0,0,0,1,0,0,0,3,2,1,0,5,4,3,2,7,6,5,4,0,0,0,0,1,0,0,0,3,2,1,0,5,4,3,2,7,6,5,4,0,0,0,0,1,0,0,0,3,2,1,0,5,4,3,2,7,6,5,4,0,0,0,0,1,0,0,0,3,2,1,0,5,4,3,2,7,6,5,4","[CB,[B,subnn,[B,[mulnn,2],getDot]],getLength]",7.0
125,"0,0,0,0,0,0,0,0,2,2,2,2,4,4,4,4,6,6,6,6,0,0,0,0,0,0,0,0,2,2,2,2,4,4,4,4,6,6,6,6,0,0,0,0,0,0,0,0,2,2,2,2,4,4,4,4,6,6,6,6,0,0,0,0,0,0,0,0,2,2,2,2,4,4,4,4,6,6,6,6,0,0,0,0,0,0,0,0,2,2,2,2,4,4,4,4,6,6,6,6","[CK,[B,subnn,[B,[mulnn,2],getDot]],2]",2.0
126,"0,0,0,0,2,2,2,2,4,4,4,4,6,6,6,6,8,8,8,8,0,0,0,0,1,1,1,1,3,3,3,3,5,5,5,5,7,7,7,7,0,0,0,0,0,0,0,0,2,2,2,2,4,4,4,4,6,6,6,6,0,0,0,0,0,0,0,0,1,1,1,1,3,3,3,3,5,5,5,5,0,0,0,0,0,0,0,0,0,0,0,0,2,2,2,2,4,4,4,4","[SK,[B,subnn,[B,[mulnn,2],getDot]],getStripe]",4.0
127,"1,0,0,0,2,1,0,0,3,2,1,0,4,3,2,1,5,4,3,2,1,0,0,0,2,1,0,0,3,2,1,0,4,3,2,1,5,4,3,2,1,0,0,0,2,1,0,0,3,2,1,0,4,3,2,1,5,4,3,2,1,0,0,0,2,1,0,0,3,2,1,0,4,3,2,1,5,4,3,2,1,0,0,0,2,1,0,0,3,2,1,0,4,3,2,1,5,4,3,2","[CB,[B,subnn,[B,[addnn,2],getDot]],getLength]",13.0
128,"0,0,0,0,0,0,0,0,1,0,0,0,2,1,0,0,3,2,1,0,0,0,0,0,1,0,0,0,2,1,0,0,3,2,1,0,4,3,2,1,1,0,0,0,2,1,0,0,3,2,1,0,4,3,2,1,5,4,3,2,2,1,0,0,3,2,1,0,4,3,2,1,5,4,3,2,6,5,4,3,3,2,1,0,4,3,2,1,5,4,3,2,6,5,4,3,7,6,5,4","[SB,[B,addnn,getStripe],[SS,[BK,subnn,getDot],[KB,getLength,I]]]",6.0
129,"0,0,0,0,0,0,0,0,2,0,0,0,4,2,0,0,6,4,2,0,0,0,0,0,0,0,0,0,2,0,0,0,4,2,0,0,6,4,2,0,0,0,0,0,0,0,0,0,2,0,0,0,4,2,0,0,6,4,2,0,0,0,0,0,0,0,0,0,2,0,0,0,4,2,0,0,6,4,2,0,0,0,0,0,0,0,0,0,2,0,0,0,4,2,0,0,6,4,2,0","[BB,[mulnn,2],[SS,[BK,subnn,getDot],[KB,getLength,I]]]",6.0
130,"0,0,0,0,0,0,0,0,3,0,0,0,6,3,0,0,9,6,3,0,0,0,0,0,0,0,0,0,3,0,0,0,6,3,0,0,9,6,3,0,0,0,0,0,0,0,0,0,3,0,0,0,6,3,0,0,9,6,3,0,0,0,0,0,0,0,0,0,3,0,0,0,6,3,0,0,9,6,3,0,0,0,0,0,0,0,0,0,3,0,0,0,6,3,0,0,9,6,3,0","[BB,[mulnn,3],[SS,[BK,subnn,getDot],[KB,getLength,I]]]",5.0
131,"0,0,0,0,0,0,0,0,4,0,0,0,8,4,0,0,12,8,4,0,0,0,0,0,0,0,0,0,4,0,0,0,8,4,0,0,12,8,4,0,0,0,0,0,0,0,0,0,4,0,0,0,8,4,0,0,12,8,4,0,0,0,0,0,0,0,0,0,4,0,0,0,8,4,0,0,12,8,4,0,0,0,0,0,0,0,0,0,4,0,0,0,8,4,0,0,12,8,4,0","[BB,[mulnn,4],[SS,[BK,subnn,getDot],[KB,getLength,I]]]",5.0
132,"0,0,0,0,0,0,0,0,1,0,0,0,2,2,0,0,3,4,3,0,0,0,0,0,0,0,0,0,1,0,0,0,2,2,0,0,3,4,3,0,0,0,0,0,0,0,0,0,1,0,0,0,2,2,0,0,3,4,3,0,0,0,0,0,0,0,0,0,1,0,0,0,2,2,0,0,3,4,3,0,0,0,0,0,0,0,0,0,1,0,0,0,2,2,0,0,3,4,3,0","[BS,[B,mulnn,getLength],[SS,[BK,subnn,getDot],[KB,getLength,I]]]",8.0
133,"0,0,0,0,0,0,0,0,2,0,0,0,6,3,0,0,12,8,4,0,0,0,0,0,0,0,0,0,2,0,0,0,6,3,0,0,12,8,4,0,0,0,0,0,0,0,0,0,2,0,0,0,6,3,0,0,12,8,4,0,0,0,0,0,0,0,0,0,2,0,0,0,6,3,0,0,12,8,4,0,0,0,0,0,0,0,0,0,2,0,0,0,6,3,0,0,12,8,4,0","[SB,[B,mulnn,getDot],[SS,[BK,subnn,getDot],[KB,getLength,I]]]",3.0
134,"0,0,0,0,0,0,0,0,0,0,0,0,0,0,0,0,0,0,0,0,0,0,0,0,0,0,0,0,1,0,0,0,2,1,0,0,3,2,1,0,0,0,0,0,0,0,0,0,2,0,0,0,4,2,0,0,6,4,2,0,0,0,0,0,0,0,0,0,3,0,0,0,6,3,0,0,9,6,3,0,0,0,0,0,0,0,0,0,4,0,0,0,8,4,0,0,12,8,4,0","[SB,[B,mulnn,getStripe],[SS,[BK,subnn,getDot],[KB,getLength,I]]]",6.0
135,"0,0,0,0,0,0,0,0,0,0,0,0,0,0,0,0,0,0,0,0,0,0,0,0,0,0,0,0,3,0,0,0,6,3,0,0,9,6,3,0,0,0,0,0,0,0,0,0,6,0,0,0,12,6,0,0,16,12,6,0,0,0,0,0,0,0,0,0,9,0,0,0,16,9,0,0,16,16,9,0,0,0,0,0,0,0,0,0,12,0,0,0,16,12,0,0,16,16,12,0","[SB,[B,mulnn,[B,[mulnn,3],getStripe]],[SS,[BK,subnn,getDot],[KB,getLength,I]]]",3.0
136,"3,3,3,3,3,3,3,3,3,3,3,3,3,3,3,3,3,3,3,3,0,0,0,0,0,0,0,0,0,0,0,0,0,0,0,0,0,0,0,0,0,0,0,0,0,0,0,0,0,0,0,0,0,0,0,0,0,0,0,0,0,0,0,0,0,0,0,0,0,0,0,0,0,0,0,0,0,0,0,0,0,0,0,0,0,0,0,0,0,0,0,0,0,0,0,0,0,0,0,0","[BK,[subnn,3],[B,[mulnn,3],getStripe]]",4.0
137,"1,2,3,4,1,2,3,4,1,2,3,4,1,2,3,4,1,2,3,4,0,0,0,1,0,0,0,1,0,0,0,1,0,0,0,1,0,0,0,1,0,0,0,0,0,0,0,0,0,0,0,0,0,0,0,0,0,0,0,0,0,0,0,0,0,0,0,0,0,0,0,0,0,0,0,0,0,0,0,0,0,0,0,0,0,0,0,0,0,0,0,0,0,0,0,0,0,0,0,0","[BC,[B,subnn,getLength],[B,[mulnn,3],getStripe]]",5.0
138,"0,0,0,0,0,0,0,0,0,0,0,0,0,0,0,0,0,0,0,0,0,0,0,0,0,0,0,0,0,0,0,0,0,0,0,0,0,0,0,0,2,2,2,2,2,2,2,2,2,2,2,2,2,2,2,2,2,2,2,2,5,5,5,5,5,5,5,5,5,5,5,5,5,5,5,5,5,5,5,5,8,8,8,8,8,8,8,8,8,8,8,8,8,8,8,8,8,8,8,8","[CK,[B,subnn,[B,[mulnn,3],getStripe]],4]",2.0
139,"0,0,0,0,1,1,1,1,2,2,2,2,3,3,3,3,4,4,4,4,0,0,0,0,0,0,0,0,0,0,0,0,0,0,0,0,1,1,1,1,0,0,0,0,0,0,0,0,0,0,0,0,0,0,0,0,0,0,0,0,0,0,0,0,0,0,0,0,0,0,0,0,0,0,0,0,0,0,0,0,0,0,0,0,0,0,0,0,0,0,0,0,0,0,0,0,0,0,0,0","[SK,[B,subnn,getDot],[B,[mulnn,3],getStripe]]",2.0
